{"cameraMode":{"drawMode":0,"name":"Shaded","section":"Shading Mode"},"sceneLighting":false,"audioPlay":false,"sceneViewState":{"showFog":true,"showMaterialUpdate":false,"showSkybox":true,"showFlares":true,"showImageEffects":true,"showParticleSystems":true},"in2DMode":false,"pivot":{"x":-1.690000057220459,"y":3.7799999713897707,"z":-7.590000152587891},"rotation":{"x":-0.08806731551885605,"y":0.01434638723731041,"z":0.001268515596166253,"w":0.9960104823112488},"size":1.233328104019165,"orthographic":false}