{"cameraMode":{"drawMode":0,"name":"Shaded","section":"Shading Mode"},"sceneLighting":false,"audioPlay":false,"sceneViewState":{"showFog":true,"showMaterialUpdate":false,"showSkybox":true,"showFlares":true,"showImageEffects":true,"showParticleSystems":true},"in2DMode":false,"pivot":{"x":-0.2903393805027008,"y":3.803661346435547,"z":-3.040001392364502},"rotation":{"x":-0.08806731551885605,"y":0.01434638723731041,"z":0.001268515596166253,"w":0.9960104823112488},"size":22.0,"orthographic":false}