{"cameraMode":{"drawMode":0,"name":"Shaded","section":"Shading Mode"},"sceneLighting":true,"audioPlay":false,"sceneViewState":{"showFog":true,"showMaterialUpdate":false,"showSkybox":true,"showFlares":true,"showImageEffects":true,"showParticleSystems":true},"in2DMode":false,"pivot":{"x":3.286573886871338,"y":1.284212350845337,"z":11.579241752624512},"rotation":{"x":-0.025866622105240823,"y":-0.3971644937992096,"z":-0.011199318803846836,"w":0.9173144698143005},"size":25.0548152923584,"orthographic":false}