{"cameraMode":{"drawMode":0,"name":"Shaded","section":"Shading Mode"},"sceneLighting":false,"audioPlay":false,"sceneViewState":{"showFog":true,"showMaterialUpdate":false,"showSkybox":true,"showFlares":true,"showImageEffects":true,"showParticleSystems":true},"in2DMode":false,"pivot":{"x":0.37999993562698367,"y":2.7899999618530275,"z":-7.590000152587891},"rotation":{"x":-0.08806731551885605,"y":0.01434638723731041,"z":0.001268515596166253,"w":0.9960104823112488},"size":1.2333283424377442,"orthographic":false}